sequence,system,ap_50,ap_50_95,avg_precision,avg_recall,total_gt,total_preds,total_tp,total_fp,total_fn,infer_count,skip_count,skip_rate_pct,erd_empty_count,predict_count,erd_empty_rate_pct,predict_rate_pct,erd_infer_count,erd_infer_rate_pct,augmented_infer_count,augmented_infer_rate_pct,pure_infer_count,pure_infer_rate_pct,wall_duration_s,avg_frame_time_ms,avg_power_w,max_power_w,energy_j,avg_power_gpu_w,energy_gpu_j,avg_power_cpu_w,energy_cpu_j,avg_power_io_w,energy_io_j,avg_gpu_temp_c,max_gpu_temp_c,avg_cpu_temp_c,max_cpu_temp_c,max_tj_temp_c,avg_gpu_util_pct,avg_cpu_util_pct,avg_emc_util_pct,avg_ram_used_mb,max_ram_used_mb,n_tegrastats_samples
b1c66a42-6f7d68ca,Adaptive,0.5045640804440178,0.3049288317267887,0.8496728164915064,0.3496475933724689,2612,2304,1479,825,1133,97,105,51.98,0,105,0.0,51.98,1,0.5,82,40.59,14,6.93,8.04,30.054,59.923,105.424,470.08,26.377,207.54,11.877,93.11,10.68,83.77,54.8,56.0,53.4,54.5,56.0,56.3,5.4,27.3,4688.0,4713,63
b1c81faa-3df17267,Adaptive,0.20624173318387706,0.13066576863327975,0.9118378739379647,0.12943401937046004,472,140,104,36,368,21,161,88.46,124,37,68.13,20.33,4,2.2,7,3.85,10,5.49,7.68,37.812,35.244,85.256,259.03,8.846,65.5,11.652,86.25,7.803,57.73,53.1,55.6,54.1,55.4,55.7,12.4,25.8,12.4,4673.0,4692,58
b1c81faa-c80764c5,Adaptive,0.42210754643815745,0.255739695372449,0.9280188902862838,0.2486488169961573,866,482,389,93,477,64,138,68.32,1,137,0.5,67.82,1,0.5,18,8.91,45,22.28,4.93,17.167,62.186,105.816,286.76,26.81,125.52,11.991,55.8,10.745,50.1,54.8,55.9,52.8,53.4,55.9,60.8,5.1,27.5,4636.0,4639,37
b1c9c847-3bda4659,Adaptive,0.5307462172507315,0.32728500366539665,0.8129731688690051,0.38717944278789834,2937,3068,1788,1280,1149,107,96,47.29,0,96,0.0,47.29,1,0.49,95,46.8,11,5.42,8.83,33.778,59.511,101.604,510.93,26.286,225.44,11.845,101.42,10.668,91.38,55.3,56.2,53.5,54.0,56.3,51.1,5.1,30.2,4639.0,4642,66
b1ca2e5d-84cf9134,Adaptive,0.501264581839395,0.27763557790521654,0.8461493527929593,0.34814652647736877,3944,3515,2212,1303,1732,109,94,46.31,0,94,0.0,46.31,1,0.49,100,49.26,8,3.94,9.48,36.847,61.358,100.45,563.58,25.092,233.61,11.641,107.84,10.43,96.61,55.4,56.5,53.6,54.1,56.5,54.8,5.2,28.1,4638.0,4642,73
b1cac6a7-04e33135,Adaptive,0.7578224766440504,0.5589259368059951,0.9727170991423806,0.417190995525727,1368,1192,1061,131,307,49,57,53.77,0,57,0.0,53.77,1,0.94,35,33.02,13,12.26,4.17,28.68,57.877,104.088,223.11,24.515,96.16,11.572,45.02,10.292,40.15,55.1,56.1,53.3,53.8,56.1,53.6,5.0,25.2,4643.0,4646,31
b1cd1e94-549d0bfe,Adaptive,0.49853959324380226,0.32278491492236067,0.8617119087684122,0.34120432109194915,1763,1504,968,536,795,87,116,57.14,0,116,0.0,57.14,1,0.49,57,28.08,29,14.29,6.81,23.916,60.777,100.266,399.19,27.098,178.03,12.022,78.65,10.805,70.78,55.6,56.4,53.7,54.2,56.4,56.5,5.1,30.7,4641.0,4642,51
b1ceb32e-3f481b43,Adaptive,0.1905011203092367,0.09181404645293481,0.7234482774538357,0.1519546718341899,715,332,176,156,539,41,97,70.29,27,70,19.57,50.72,5,3.62,17,12.32,19,13.77,4.66,27.554,52.696,86.382,229.48,18.982,83.25,11.657,50.87,9.427,41.17,54.8,56.0,53.8,55.2,56.0,44.8,14.5,24.9,4628.0,4640,34
b1ceb32e-51852abe,Adaptive,0.5614625501387254,0.3737750582100366,0.9255341318875797,0.3339192955242511,2164,1623,1295,328,869,85,118,58.13,0,118,0.0,58.13,1,0.49,55,27.09,29,14.29,6.74,23.232,59.464,97.756,383.55,27.151,176.88,12.061,78.39,10.804,70.26,55.7,57.0,53.7,54.2,57.0,52.5,5.1,30.4,4625.0,4631,51
b1cebfb7-284f5117,Adaptive,0.32917695625009696,0.19051387196169478,0.7793354224588643,0.25067898338135186,1956,1399,759,640,1197,80,122,60.4,0,122,0.0,60.4,2,0.99,50,24.75,28,13.86,6.36,22.366,56.429,102.446,342.78,26.585,163.02,11.934,72.8,10.687,65.3,55.7,56.7,53.8,54.7,56.7,52.8,5.2,29.4,4624.0,4627,48
b1d0091f-75824d0d,Adaptive,0.7012609685077689,0.4975547654220291,0.9678137775805352,0.39107972840921795,1641,1352,1182,170,459,71,131,64.85,0,131,0.0,64.85,1,0.5,30,14.85,40,19.8,5.71,19.704,59.694,97.312,323.66,26.304,144.5,11.888,65.09,10.665,58.46,55.7,56.5,54.1,54.7,56.5,56.8,5.1,29.0,4628.0,4632,43
b1d0091f-f2c2d2ae,Adaptive,0.583109663332406,0.4158032623460336,0.9453658031380622,0.3404938220042946,2451,1817,1495,322,956,94,108,53.47,0,108,0.0,53.47,1,0.5,69,34.16,24,11.88,7.58,26.93,57.544,98.024,418.32,26.498,195.79,11.942,87.94,10.719,79.0,55.8,56.6,54.2,54.9,56.6,52.1,5.2,30.2,4619.0,4628,57
b1d0a191-03dcecc2,Adaptive,0.5527961372854727,0.3436779268979274,0.8899528096402162,0.360313792592393,3220,2766,1930,836,1290,98,104,51.49,0,104,0.0,51.49,1,0.5,81,40.1,16,7.92,8.11,30.318,59.082,97.452,457.97,25.956,203.81,11.746,91.77,10.619,83.07,55.7,57.0,54.0,55.0,57.0,53.3,5.1,29.4,4623.0,4625,60
b1d0a191-06deb55d,Adaptive,0.5317443519637508,0.3203692710520947,0.8550077850460106,0.36341782931106703,2441,2225,1451,774,990,90,112,55.45,0,112,0.0,55.45,1,0.5,65,32.18,24,11.88,7.43,26.802,53.909,102.286,382.29,26.011,186.17,11.78,84.03,10.576,75.52,55.6,56.6,53.9,54.7,56.6,49.7,5.0,28.9,4630.0,4635,55
b1d0a191-28f0e779,Adaptive,0.55849757780985,0.35239666546707726,0.8830212930761467,0.37470712749635426,1615,1467,972,495,643,85,105,55.26,2,103,1.05,54.21,1,0.53,58,30.53,26,13.68,6.59,25.447,61.401,105.058,388.46,27.346,174.96,12.152,77.37,10.854,69.22,55.8,56.9,54.0,55.0,56.9,59.9,5.3,29.9,4642.0,4644,50
b1d0a191-2ed2269e,Adaptive,0.6075384014483902,0.37456703794647106,0.8928405803893669,0.39441436039239613,3126,2932,2052,880,1074,104,99,48.77,0,99,0.0,48.77,1,0.49,91,44.83,12,5.91,8.3,30.623,56.332,105.82,449.33,26.885,217.35,11.969,96.52,10.75,86.77,55.9,56.8,54.1,54.7,56.8,47.7,5.1,30.3,4648.0,4653,64
b1d0a191-5490450b,Adaptive,0.5759042726243597,0.3704734345196404,0.8751026956598301,0.37135724400349146,1778,1607,1136,471,642,89,115,56.37,0,115,0.0,56.37,1,0.49,59,28.92,29,14.22,7.08,24.736,60.114,97.684,405.18,26.762,182.49,11.902,80.76,10.755,73.09,55.8,56.7,53.9,54.6,56.7,55.7,5.0,29.3,4658.0,4666,54
b1d0a191-65deaeef,Adaptive,0.6562648786947914,0.4159503391311353,0.8871397375655999,0.4147935700788835,3276,3207,2376,831,900,102,100,49.5,0,100,0.0,49.5,1,0.5,87,43.07,14,6.93,8.66,32.144,55.016,101.91,465.11,25.753,217.5,11.68,98.44,10.555,89.03,55.7,56.6,53.9,54.3,56.6,46.0,5.1,28.8,4671.0,4676,67
b1d0a191-de8948f6,Adaptive,0.6364684236646176,0.4370685422998812,0.9354462204553423,0.3864487262130644,2478,2126,1653,473,825,94,108,53.47,0,108,0.0,53.47,1,0.5,69,34.16,24,11.88,7.63,27.462,62.163,98.036,451.14,26.444,193.85,11.927,87.14,10.73,78.5,55.7,56.6,53.7,54.4,56.6,57.2,5.1,28.6,4684.0,4689,58
b1d10d08-5b108225,Adaptive,0.4583602312187818,0.29992955208604366,0.9145082204843008,0.2846757392181285,2123,1383,1040,343,1083,76,126,62.38,0,126,0.0,62.38,1,0.5,40,19.8,35,17.33,5.91,20.973,64.463,98.392,370.05,27.196,156.12,12.058,68.96,10.855,62.15,55.8,56.6,53.9,54.5,56.6,61.1,5.0,29.8,4685.0,4689,46
b1d10d08-743fd86c,Adaptive,0.2341734536227622,0.15140804525749643,0.8644050805539771,0.15888500048605034,1016,405,260,145,756,58,144,71.29,10,134,4.95,66.34,5,2.48,11,5.45,42,20.79,5.14,18.822,57.61,97.332,282.98,24.512,120.77,11.974,58.73,10.427,51.21,55.6,57.0,54.0,55.5,57.0,50.6,8.8,28.1,4685.0,4689,39
b1d10d08-c35503b8,Adaptive,0.5646086460599142,0.3572426209486714,0.8813884442608643,0.3766021011887128,3127,2853,1916,937,1211,107,95,47.03,0,95,0.0,47.03,1,0.5,97,48.02,9,4.46,8.39,32.089,59.295,98.578,481.34,27.216,223.07,12.027,98.18,10.867,88.81,55.9,56.8,54.2,54.9,56.8,49.9,5.1,30.6,4683.0,4687,63
b1d10d08-da110fcb,Adaptive,0.5801152217389982,0.3712489641256799,0.8571563735999767,0.39761195211239736,2250,2246,1449,797,801,93,101,52.06,0,101,0.0,52.06,1,0.52,77,39.69,15,7.73,7.4,28.645,59.675,105.266,427.09,26.754,191.76,11.942,85.29,10.747,76.85,55.8,56.9,54.0,54.4,56.9,54.9,5.1,29.4,4690.0,4696,57
b1d10d08-ec660956,Adaptive,0.5427707364524776,0.3434821363958761,0.8889809816536021,0.35520379035172145,2117,1787,1249,538,868,89,113,55.94,0,113,0.0,55.94,1,0.5,66,32.67,22,10.89,7.17,24.827,59.875,97.564,415.01,26.313,182.98,11.889,82.24,10.696,74.13,55.8,56.6,54.2,55.1,56.6,54.9,5.1,29.3,4703.0,4707,53
b1d22449-117aa773,Adaptive,0.319270433332896,0.19239474111058918,0.8445475245838897,0.21806615552240646,1193,667,430,237,763,72,130,64.36,0,130,0.0,64.36,1,0.5,32,15.84,39,19.31,5.25,18.817,50.348,100.964,254.74,28.36,144.04,12.327,62.35,11.086,56.16,56.0,57.1,54.2,55.1,57.1,48.3,4.8,31.0,4704.0,4707,39
b1d22449-15fb948f,Adaptive,0.07061470255342518,0.03658511977528067,0.7285939259582187,0.05706976744186046,500,86,45,41,455,26,157,85.79,114,43,62.3,23.5,5,2.73,8,4.37,13,7.1,7.52,37.168,37.388,86.42,274.79,11.012,81.18,11.746,85.91,8.181,59.91,53.8,55.8,54.2,55.5,55.8,17.6,24.6,16.6,4704.0,4709,57
b1d22ed6-f1cac061,Adaptive,0.5970978798659217,0.3512019870128133,0.8465494597116194,0.41968454499505087,4610,4944,3065,1879,1545,114,89,43.84,0,89,0.0,43.84,1,0.49,108,53.2,5,2.46,11.14,44.614,52.273,98.508,572.01,22.989,251.5,11.155,121.71,9.979,108.98,54.8,55.8,53.5,54.9,55.8,43.3,5.2,25.3,4703.0,4706,82
b1d3907b-2278601b,Adaptive,0.23194995760728693,0.12590324735885983,0.8231785390160296,0.15934042462300824,867,351,239,112,628,58,144,71.29,0,144,0.0,71.29,6,2.97,9,4.46,43,21.29,4.88,17.051,56.87,98.91,262.59,24.963,117.19,11.688,54.24,10.411,48.47,54.6,55.5,53.0,53.7,55.5,50.8,6.3,25.5,4706.0,4711,36
b1d4b62c-60aab822,Adaptive,0.684400551125727,0.4583465909141373,0.9134742951526893,0.4315802485590126,2214,2196,1613,583,601,101,102,50.25,0,102,0.0,50.25,1,0.49,85,41.87,15,7.39,7.66,29.149,62.001,99.692,464.3,28.051,208.52,12.212,90.54,10.954,81.27,55.5,56.7,53.5,54.1,56.6,58.9,5.0,31.7,4718.0,4729,57
b1d59b1f-a38aec79,Adaptive,0.3600788026344598,0.2357127171217354,0.7774383771814906,0.2762260157620652,298,241,122,119,176,45,123,73.21,11,112,6.55,66.67,2,1.19,6,3.57,37,22.02,4.14,17.321,52.62,100.348,204.07,22.68,88.59,11.674,45.48,9.96,38.84,54.9,56.0,53.5,55.0,56.0,44.5,8.6,25.2,4729.0,4731,31
b1d7b3ac-0bdb47dc,Adaptive,0.47401142658608925,0.2852924131939917,0.8308915686468699,0.33665798826349286,1480,1308,793,515,687,81,121,59.9,0,121,0.0,59.9,1,0.5,49,24.26,31,15.35,6.0,21.881,66.803,106.538,381.83,28.284,161.88,12.317,70.3,11.038,63.06,55.7,56.6,53.8,54.4,56.6,59.7,5.0,32.2,4733.0,4737,45
b1d7b3ac-36f2d3b7,Adaptive,0.4678772339554226,0.26719948826732065,0.8197667169766897,0.3428743342045191,724,668,380,288,344,54,122,69.32,12,110,6.82,62.5,2,1.14,19,10.8,33,18.75,4.99,20.467,56.684,103.028,269.25,23.189,110.16,11.789,55.98,10.108,48.0,55.2,56.2,53.7,54.3,56.2,49.9,8.0,28.0,4719.0,4721,37
b1d7b3ac-5744370e,Adaptive,0.25481338221750827,0.1653339552652603,0.6862242068852836,0.2163262091057081,556,411,177,234,379,57,141,71.21,12,129,6.06,65.15,2,1.01,15,7.58,40,20.2,4.97,18.015,62.512,93.364,299.02,25.623,123.14,12.012,57.14,10.591,50.54,55.5,56.6,53.8,54.4,56.6,57.6,8.0,28.8,4721.0,4721,37
b1d7b3ac-995f9d8a,Adaptive,0.4540968480693488,0.26245977869839127,0.8117198908776091,0.3324174602407309,755,685,389,296,366,69,120,63.49,0,120,0.0,63.49,1,0.53,37,19.58,31,16.4,5.39,19.508,57.353,96.7,299.6,26.785,138.45,11.98,61.69,10.751,55.42,55.6,56.5,53.8,54.2,56.5,54.2,5.0,29.6,4724.0,4725,40
b1d7b3ac-9e14f05f,Adaptive,0.551282005591168,0.35231344982998236,0.8509158345643687,0.3752327735303944,1312,1241,815,426,497,81,121,59.9,0,121,0.0,59.9,1,0.5,49,24.26,31,15.35,6.07,22.091,63.514,99.136,363.94,27.971,162.44,12.212,70.7,11.001,63.74,55.9,56.6,54.0,54.9,56.6,59.3,5.1,31.4,4726.0,4737,46
b1d7b3ac-afa57f22,Adaptive,0.5001301194330876,0.3000546349800829,0.8794665137355883,0.329922600619195,400,323,217,106,183,54,116,68.24,8,108,4.71,63.53,9,5.29,12,7.06,33,19.41,4.73,21.177,62.144,102.766,273.03,24.765,110.75,12.05,53.46,10.493,46.68,55.7,56.8,54.3,55.0,56.6,55.1,9.6,28.3,4732.0,4738,36
b1d968b9-563405f4,Adaptive,0.6872230303168725,0.4887703366508764,0.8771325517166598,0.4320522797509741,2656,2690,2059,631,597,89,114,56.16,0,114,0.0,56.16,1,0.49,65,32.02,23,11.33,7.35,26.555,58.143,102.432,412.8,26.048,185.49,11.824,83.96,10.568,75.1,55.7,56.4,54.2,54.8,56.4,49.0,5.1,29.2,4740.0,4744,57
b1d968b9-ce42734f,Adaptive,0.6344702571249944,0.4257630603237426,0.8617529969465637,0.42536015734756955,3559,3750,2523,1227,1036,97,106,52.22,0,106,0.0,52.22,1,0.49,83,40.89,13,6.4,8.6,32.497,59.535,100.102,497.99,24.694,206.7,11.5,95.97,10.281,85.88,55.4,56.4,54.0,54.5,56.4,54.2,5.2,27.3,4745.0,4748,66
b1d971b4-ac67ca0d,Adaptive,0.6340047765241693,0.4058752808412063,0.8839751057741313,0.4247044850527193,2503,2576,1708,868,795,101,98,49.25,0,98,0.0,49.25,1,0.5,85,42.71,15,7.54,8.34,31.456,57.459,98.742,460.73,25.976,211.45,11.752,95.27,10.565,85.75,55.3,56.4,53.8,54.5,56.4,51.2,5.1,28.5,4754.0,4758,63
b1d9e136-6c94ea3f,Adaptive,0.6408649909656311,0.434858337231092,0.9292075894504602,0.393027006573302,2342,2065,1580,485,762,96,106,52.48,0,106,0.0,52.48,1,0.5,76,37.62,19,9.41,7.43,27.094,58.919,98.27,417.87,27.465,197.5,12.077,86.55,10.855,77.87,55.6,56.8,53.9,54.9,56.8,56.0,5.0,30.5,4766.0,4769,56
b1d9e136-9ab25cb3,Adaptive,0.6211886984769048,0.396362888022433,0.8623592835785645,0.41798983047525196,2942,3052,2034,1018,908,107,95,47.03,0,95,0.0,47.03,1,0.5,97,48.02,9,4.46,8.61,32.414,55.551,102.096,462.7,26.645,223.34,11.895,99.27,10.72,89.58,55.6,56.5,54.0,54.8,56.5,50.1,5.1,29.8,4773.0,4780,64
b1dac7f7-6b2e0382,Adaptive,0.560051363594066,0.34613007561845516,0.8662840482009343,0.37835499776647125,3637,3397,2251,1146,1386,106,96,47.52,0,96,0.0,47.52,1,0.5,98,48.51,7,3.47,8.68,33.244,59.211,99.43,498.35,26.247,221.3,11.834,99.45,10.593,89.12,55.6,56.6,53.9,54.6,56.6,52.2,5.1,28.9,4783.0,4789,65
b1db7e22-cfa74dc3,Adaptive,0.2693754342336423,0.16355560943729514,0.8861709051760396,0.17501648688115315,1420,598,416,182,1004,67,136,67.0,1,135,0.49,66.5,2,0.99,25,12.32,40,19.7,5.18,18.309,61.573,97.048,305.04,26.703,133.3,11.99,59.69,10.723,53.45,55.5,56.4,53.8,54.5,56.4,61.5,5.3,28.1,4789.0,4797,40
b1dce572-c6a8cb5e,Adaptive,0.5945676418423244,0.3937782669766535,0.9055136094466086,0.37078200388720634,2542,2190,1630,560,912,94,108,53.47,0,108,0.0,53.47,1,0.5,70,34.65,23,11.39,7.3,26.215,53.518,101.178,375.17,27.31,194.86,12.049,85.7,10.818,77.02,55.8,56.8,54.0,54.7,56.8,48.6,5.0,31.1,4806.0,4808,56
b1dd58c1-8b546ba7,Adaptive,0.5781629373932688,0.38673271406466503,0.8913992700889325,0.3787824316189058,2456,2213,1534,679,922,97,100,50.76,0,100,0.0,50.76,1,0.51,82,41.62,14,7.11,7.6,28.734,60.182,98.052,437.72,27.068,197.66,11.955,87.1,10.786,78.67,55.8,56.9,54.1,54.9,56.9,52.7,5.1,30.0,4815.0,4817,57
b1df722f-57d21f3f,Adaptive,0.4894260953651318,0.30693805071915314,0.8053122307821651,0.3575318738109436,1935,1911,1085,826,850,89,113,55.94,0,113,0.0,55.94,1,0.5,65,32.18,23,11.39,6.69,25.038,65.338,101.314,420.37,28.096,181.16,12.223,78.58,11.031,71.0,56.0,56.9,54.2,54.9,56.8,62.5,5.1,31.4,4823.0,4829,51
b1df722f-5bcc3db7,Adaptive,0.3059999099698618,0.16925893070016315,0.6059934649705866,0.28865385218248946,1365,1519,604,915,761,88,114,56.44,0,114,0.0,56.44,1,0.5,66,32.67,21,10.4,6.62,24.2,60.253,100.814,383.95,27.95,180.12,12.2,78.29,11.004,70.71,56.1,57.0,54.1,54.8,57.0,56.4,4.9,31.3,4842.0,4852,51
b1e0c01d-dd9e6e2f,Adaptive,0.5607975629190077,0.3474079642120567,0.870121837981648,0.3753364423717522,2054,1900,1267,633,787,97,105,51.98,0,105,0.0,51.98,1,0.5,80,39.6,16,7.92,7.67,27.831,59.957,103.752,440.38,26.976,199.77,12.015,88.7,10.812,79.89,56.1,56.8,54.2,54.8,56.8,53.9,5.1,30.7,4847.0,4856,58
b1e1a7b8-0aec80e8,Adaptive,0.5071587728347637,0.3178686979508727,0.8954893729073198,0.3197959533374494,1982,1484,1098,386,884,83,120,59.11,0,120,0.0,59.11,1,0.49,52,25.62,30,14.78,6.58,22.465,55.436,99.708,349.68,26.755,169.32,11.97,75.4,10.72,67.62,55.9,57.1,54.1,54.6,57.1,48.0,5.1,29.7,4850.0,4854,50
b1e1a7b8-65ec7612,Adaptive,0.5019181137430571,0.305042301130224,0.8635068131781937,0.3333914370519713,1860,1536,1042,494,818,87,115,56.93,0,115,0.0,56.93,1,0.5,62,30.69,24,11.88,6.68,23.446,64.444,97.392,411.58,27.625,178.27,12.092,77.83,10.897,70.2,56.1,57.1,54.2,54.7,57.1,59.8,5.0,30.6,4850.0,4851,51
b1e1a7b8-a7426a97,Adaptive,0.4954216308995495,0.32439456004290107,0.891789978747974,0.32538338418179474,1838,1427,980,447,858,89,114,56.16,0,114,0.0,56.16,1,0.49,62,30.54,26,12.81,6.61,24.005,65.162,103.324,410.5,28.152,179.26,12.262,77.79,11.062,70.26,56.2,57.2,54.3,54.9,57.2,60.3,5.0,31.5,4835.0,4838,51
b1e1a7b8-b397c445,Adaptive,0.4348830897983639,0.26428146579366324,0.873151167140554,0.29566468316626215,1561,1136,737,399,824,89,113,55.94,0,113,0.0,55.94,1,0.5,62,30.69,26,12.87,6.55,23.737,69.588,103.254,438.55,28.638,180.61,12.388,77.85,11.166,70.24,56.4,57.9,54.5,55.0,57.9,65.0,5.0,32.2,4828.0,4831,50
b1e2346e-c5f98707,Adaptive,0.06528986665701726,0.04460621499884499,0.5570700353358725,0.06820234869015357,369,108,35,73,334,17,123,87.86,85,38,60.71,27.14,2,1.43,6,4.29,9,6.43,5.4,34.076,36.956,85.898,188.5,8.281,41.39,11.698,60.26,7.78,39.86,53.9,55.5,54.2,56.0,56.9,17.4,25.4,12.1,4820.0,4825,40
b1e3e9f5-92377424,Adaptive,0.6964497348063066,0.47830741058547666,0.9137477098993244,0.42313677426081947,3358,3233,2521,712,837,90,113,55.67,0,113,0.0,55.67,1,0.49,66,32.51,23,11.33,7.64,28.044,56.731,99.864,416.43,25.889,190.0,11.72,85.86,10.55,77.34,55.5,56.3,53.8,54.8,56.2,48.6,5.1,28.9,4816.0,4823,57
b1e62c91-eca210a9,Adaptive,0.47228325470158505,0.2870371224213527,0.8865726458698514,0.30804783733595187,1571,1161,807,354,764,70,111,61.33,10,101,5.52,55.8,2,1.1,46,25.41,22,12.15,5.67,24.264,54.95,107.098,295.62,26.249,142.12,12.153,65.28,10.727,57.76,55.4,56.5,53.9,55.5,56.5,47.9,7.5,28.6,4822.0,4826,42
b1e6efc0-2552cc5d,Adaptive,0.4210900763873956,0.25212391254079763,0.8411704664120123,0.29622469371795984,884,677,416,261,468,75,128,63.05,0,128,0.0,63.05,1,0.49,38,18.72,36,17.73,5.6,19.253,63.195,101.25,345.73,28.056,151.99,12.32,66.51,11.004,59.47,55.9,56.7,54.0,54.6,56.7,61.5,5.1,30.7,4828.0,4829,43
b1e88fd2-c1e4fd2b,Adaptive,0.5049385230306471,0.3171114310541147,0.9683006132242286,0.2824913905867503,1241,738,643,95,598,57,136,70.47,59,77,30.57,39.9,9,4.66,27,13.99,21,10.88,7.34,31.551,45.092,99.426,318.27,17.548,123.42,11.97,84.17,9.137,64.22,54.5,56.4,54.0,55.6,56.4,31.6,16.3,20.4,4825.0,4831,55
b1e8ad72-c3c79240,Adaptive,0.6103249172275904,0.4078353522875515,0.9512007619189531,0.3633219691442368,979,770,618,152,361,82,121,59.61,0,121,0.0,59.61,1,0.49,48,23.65,33,16.26,5.95,21.108,66.914,96.794,382.2,28.8,165.47,12.44,71.32,11.209,64.33,55.9,57.0,53.9,54.5,57.0,64.5,5.0,32.4,4837.0,4839,45
b1e9ee0e-67e26f2e,Adaptive,0.5936885884600966,0.3709774480689263,0.8814915144057367,0.3698813123922869,4556,4050,3007,1043,1549,96,107,52.71,0,107,0.0,52.71,1,0.49,77,37.93,18,8.87,8.67,33.509,54.399,106.044,453.24,24.283,205.28,11.403,96.12,10.253,86.46,55.5,56.5,53.9,55.0,56.5,45.0,5.2,28.2,4840.0,4842,65
b1ea0ae4-4f770228,Adaptive,0.6293986433803883,0.4351013746983523,0.9007606615728199,0.4056165186798459,1598,1524,1078,446,520,84,116,58.0,0,116,0.0,58.0,1,0.5,52,26.0,31,15.5,6.55,24.148,64.013,99.134,401.38,27.038,171.87,12.073,76.35,10.804,68.44,55.5,56.6,53.9,54.6,56.6,61.8,5.0,28.9,4839.0,4845,50
b1eb9133-5cc75c18,Adaptive,0.08897918343683178,0.048486790051157545,0.6176760363739981,0.08282146404751768,567,174,73,101,494,19,102,84.3,68,34,56.2,28.1,2,1.65,7,5.79,10,8.26,4.65,33.332,38.631,91.906,169.28,10.864,47.79,11.709,52.13,8.024,35.61,53.6,55.4,53.6,54.5,55.4,20.0,23.0,16.5,4838.0,4841,35
b1ebfc3c-740ec84a,Adaptive,0.48215372349278535,0.28887437043686226,0.9381336734855569,0.2931188928966755,2272,1476,1143,333,1129,90,113,55.67,0,113,0.0,55.67,1,0.49,59,29.06,30,14.78,6.79,24.735,62.512,101.66,410.71,28.003,185.0,12.215,80.48,10.951,72.21,55.4,56.3,53.4,54.0,56.3,57.2,5.0,30.8,4833.0,4838,51
b1ebfc3c-cc9c2bb8,Adaptive,0.47373630387515536,0.2902951656361113,0.8817268290917563,0.3089154825704312,1849,1375,961,414,888,88,114,56.44,0,114,0.0,56.44,1,0.5,61,30.2,26,12.87,6.58,24.146,61.904,102.418,392.4,28.089,178.11,12.215,77.16,10.984,69.46,55.7,56.6,53.9,54.6,56.6,55.7,5.0,31.2,4841.0,4846,50
b1ee702d-0ae1fc10,Adaptive,0.39158830448616117,0.2285826069504008,0.8516811389646233,0.2717282302329031,1400,963,610,353,790,89,114,56.16,0,114,0.0,56.16,1,0.49,59,29.06,29,14.29,6.41,23.164,60.264,101.226,371.26,28.946,178.13,12.44,76.36,11.165,68.59,56.0,56.9,54.1,55.0,56.9,56.8,4.9,32.6,4838.0,4843,49
b1ee702d-4a193906,Adaptive,0.1592953920337873,0.08442174336894731,0.8211427069677083,0.1116227394163584,1622,480,299,181,1323,56,147,72.41,55,92,27.09,45.32,4,1.97,27,13.3,25,12.32,6.68,27.24,48.497,100.692,311.76,20.292,130.33,12.163,77.79,9.706,62.15,55.2,57.2,54.8,56.0,57.2,35.3,16.2,26.9,4830.0,4836,51
b1f022d3-45162c67,Adaptive,0.5712666856606947,0.38464685609969973,0.9344176689959102,0.34296303871012174,1373,1047,825,222,548,78,124,61.39,0,124,0.0,61.39,1,0.5,42,20.79,35,17.33,6.24,21.399,56.885,99.144,338.92,26.788,160.03,11.927,70.97,10.716,63.86,55.5,57.0,53.9,54.7,57.0,53.0,4.9,28.3,4837.0,4839,47
b1f0efd9-37a14dda,Adaptive,0.5488454646191081,0.35867773808352454,0.8746691327768334,0.35785166618128655,1667,1446,1015,431,652,73,130,64.04,0,130,0.0,64.04,1,0.49,38,18.72,34,16.75,5.93,20.173,58.966,103.076,335.27,26.373,148.76,11.825,66.51,10.653,60.0,55.6,56.6,53.9,54.8,56.6,53.0,5.1,29.8,4839.0,4840,45
b1f0efd9-e900c6e5,Adaptive,0.46464759781923515,0.29873317753183926,0.817164188692496,0.33810848157282536,2006,1824,1060,764,946,94,108,53.47,0,108,0.0,53.47,1,0.5,69,34.16,24,11.88,7.26,26.388,61.045,99.416,423.2,27.36,191.77,12.077,84.36,10.831,75.74,55.8,56.8,54.1,54.8,56.8,56.7,5.1,30.9,4840.0,4841,56
b1f20aa0-3401c3bf,Adaptive,0.31868928810877395,0.19663625104208182,0.9237939728866402,0.19362903886597652,2050,893,695,198,1355,80,122,60.4,5,117,2.48,57.92,6,2.97,41,20.3,33,16.34,6.24,23.586,54.134,105.268,325.06,26.599,160.3,12.288,73.84,10.777,64.82,55.7,57.0,54.1,54.7,57.0,48.1,6.8,29.6,4838.0,4848,48
b1f20aa0-50213047,Adaptive,0.17288302816940973,0.09760247447067529,0.9166260681464548,0.10125372122854998,1046,237,196,41,850,77,126,62.07,0,126,0.0,62.07,26,12.81,14,6.9,37,18.23,6.72,26.35,53.935,98.744,355.1,24.813,162.68,12.05,78.83,10.482,68.63,55.6,56.6,54.0,54.8,56.6,47.2,9.7,29.0,4828.0,4844,52
b1f20aa0-6ef1db42,Adaptive,0.26066617622517524,0.12928046430385012,0.826825730370981,0.18134180048242915,2129,1004,644,360,1485,76,126,62.38,0,126,0.0,62.38,3,1.49,41,20.3,32,15.84,5.21,20.041,56.476,99.182,280.01,30.017,150.25,12.73,63.48,11.424,57.01,56.2,57.0,54.2,55.2,57.0,51.5,5.3,33.7,4832.0,4840,40
b1f25ff6-1ddb7e43,Adaptive,0.5541812746898396,0.3525323849167656,0.8572289101554387,0.3846783690292191,1294,1260,786,474,508,90,113,55.67,0,113,0.0,55.67,1,0.49,64,31.53,25,12.32,6.55,23.392,62.289,99.434,392.46,28.727,181.59,12.412,78.22,11.135,70.24,56.3,57.3,54.6,55.3,57.3,56.6,4.9,32.8,4838.0,4840,50
b1f4491b-07b32e8c,Adaptive,0.44754967174103666,0.2713858481199329,0.836384761734508,0.31570312840552023,1818,1489,918,571,900,86,117,57.64,0,117,0.0,57.64,1,0.49,57,28.08,28,13.79,6.51,23.266,62.152,105.63,391.94,27.915,174.46,12.231,76.32,11.002,68.7,56.3,57.0,54.5,55.1,57.0,58.3,5.0,31.7,4839.0,4841,50
b1f4491b-09593e90,Adaptive,0.5362078272632318,0.34889142981997145,0.9241580055047275,0.3258824046350175,1142,837,651,186,491,80,122,60.4,0,122,0.0,60.4,1,0.5,49,24.26,30,14.85,5.82,20.647,65.222,99.554,369.5,28.631,162.54,12.375,69.97,11.144,63.08,56.4,57.1,54.5,55.4,57.1,62.9,4.9,32.0,4840.0,4840,46
b1f4491b-16256d7c,Adaptive,0.48965168172961054,0.28873084096309864,0.8320444015732726,0.3483469440510506,2797,2549,1547,1002,1250,97,105,51.98,0,105,0.0,51.98,1,0.5,80,39.6,16,7.92,7.52,28.238,56.464,98.772,405.06,27.414,199.62,12.087,87.73,10.872,78.99,56.3,57.3,54.5,55.3,57.1,49.1,5.0,31.2,4836.0,4837,57
b1f4491b-33824f31,Adaptive,0.5229712184557349,0.3103370216733426,0.8443283800349888,0.36266125201861876,2610,2420,1537,883,1073,98,104,51.49,0,104,0.0,51.49,1,0.5,84,41.58,13,6.44,7.88,28.5,60.233,99.936,453.56,26.464,201.48,11.95,90.8,10.713,81.45,56.0,57.2,54.2,54.7,57.2,54.1,5.1,28.9,4850.0,4853,60
b1f4491b-846d8cb2,Adaptive,0.5170427432498372,0.36822080202298535,0.9148613065114533,0.3240426475859115,1567,1168,861,307,706,82,120,59.41,0,120,0.0,59.41,1,0.5,47,23.27,34,16.83,6.56,22.842,64.691,104.792,404.06,26.502,166.79,11.868,74.41,10.762,67.58,55.9,57.0,54.0,54.6,57.0,59.9,5.0,29.3,4855.0,4857,49
b1f4491b-97465266,Adaptive,0.47526095485834136,0.28559596721256886,0.9083141385907954,0.28725529525032095,1845,1216,952,264,893,79,124,61.08,0,124,0.0,61.08,1,0.49,42,20.69,36,17.73,6.3,21.588,60.764,107.548,361.97,26.503,159.7,11.981,71.95,10.718,64.43,56.0,56.8,54.1,54.6,56.8,53.2,5.0,30.2,4856.0,4857,46
b1f4491b-9958bd99,Adaptive,0.52621135745278,0.3038424566260315,0.8602178172610926,0.3601681874336245,2775,2494,1617,877,1158,96,106,52.48,0,106,0.0,52.48,1,0.5,80,39.6,15,7.43,7.87,28.867,56.787,103.834,428.77,26.197,199.26,11.912,90.4,10.649,80.9,55.9,56.7,54.1,54.7,56.7,49.5,5.4,29.7,4855.0,4861,59
b1f4491b-bf7d513f,Adaptive,0.4352958007095405,0.2840267835468248,0.8371944195886591,0.3085493096370369,1359,1102,656,446,703,79,124,61.08,0,124,0.0,61.08,1,0.49,45,22.17,33,16.26,5.97,21.036,62.536,102.07,357.32,27.46,156.61,12.185,69.12,10.904,61.94,56.0,56.8,54.1,54.8,56.8,56.9,5.0,29.8,4864.0,4868,45
b1f4491b-cf446195,Adaptive,0.37654969289629436,0.23835675201745868,0.8009246672108258,0.27856444682145953,2910,2236,1267,969,1643,95,107,52.97,0,107,0.0,52.97,1,0.5,76,37.62,18,8.91,7.14,26.737,65.892,101.854,457.14,28.084,195.26,12.183,84.48,11.01,76.43,56.2,57.4,54.5,55.2,57.4,61.2,5.0,32.3,4866.0,4867,56
b1f4491b-d8d1459c,Adaptive,0.5236992684750319,0.3473449178049821,0.8842392055092034,0.34022873678046095,1508,1232,864,368,644,84,119,58.62,0,119,0.0,58.62,1,0.49,51,25.12,32,15.76,6.45,22.656,58.056,101.218,357.62,27.513,171.73,12.148,75.52,10.933,68.06,56.1,56.9,54.4,55.2,56.9,54.2,5.0,30.5,4865.0,4868,48
b1f4491b-dd8dfed5,Adaptive,0.3996678746983369,0.2534793536794985,0.8571599970374663,0.2716026915964109,2330,1599,1032,567,1298,84,119,58.62,0,119,0.0,58.62,1,0.49,54,26.6,29,14.29,6.3,22.763,64.309,103.4,389.87,28.165,172.02,12.304,74.84,11.026,67.14,56.3,57.1,54.5,55.3,57.1,60.8,5.0,31.5,4870.0,4870,48
b1f6c103-5ce1f3c6,Adaptive,0.24443370292585728,0.13241992667520658,0.8354889059483911,0.17070522434695662,762,336,212,124,550,41,138,77.09,69,69,38.55,38.55,9,5.03,15,8.38,17,9.5,6.86,33.146,43.734,90.15,288.31,14.099,92.96,11.681,77.56,8.676,57.51,54.2,55.8,53.9,55.4,55.8,30.0,19.0,17.7,4865.0,4870,52
b1f6c103-8b75ea3e,Adaptive,0.32372260900880095,0.19388509927539851,0.8927312176272989,0.2056629229356502,2420,1170,857,313,1563,84,118,58.42,0,118,0.0,58.42,1,0.5,56,27.72,27,13.37,6.03,22.262,56.215,96.314,329.55,28.967,168.06,12.41,71.84,11.239,65.12,55.8,56.8,54.0,54.6,56.8,52.2,4.9,32.5,4867.0,4867,46
b1f6c103-b00e8aad,Adaptive,0.4163305908614099,0.28470348348226365,0.9318863716154123,0.24540773568557264,2271,1240,1002,238,1269,75,127,62.87,0,127,0.0,62.87,2,0.99,39,19.31,34,16.83,5.67,20.22,66.296,107.478,358.79,27.752,152.17,12.211,66.65,10.972,59.97,56.0,56.8,54.3,54.9,56.8,61.8,5.2,31.2,4862.0,4867,44
b1f85377-44885085,Adaptive,0.4540403366229909,0.2764272289868376,0.7979691098673772,0.3356273168710588,1434,1333,757,576,677,93,110,54.19,0,110,0.0,54.19,1,0.49,69,33.99,23,11.33,6.73,24.853,59.537,98.442,379.12,29.043,187.19,12.444,79.93,11.241,72.27,56.2,57.1,54.3,54.9,57.4,54.4,5.0,32.8,4876.0,4877,52
b1fbaab8-68db7df7,Adaptive,0.60740169666499,0.4018252024711825,0.9522498423957323,0.34833973976053817,1108,834,700,134,408,70,132,65.35,0,132,0.0,65.35,1,0.5,27,13.37,42,20.79,5.35,18.674,62.863,101.758,322.29,27.354,140.18,12.112,61.8,10.894,55.66,56.2,57.3,54.3,54.8,57.1,61.8,5.1,31.0,4875.0,4876,41
b1fbf878-b31a8293,Adaptive,0.4070827338463746,0.24653107409533667,0.9023481311759043,0.2608351309037867,2215,1351,968,383,1247,88,113,56.22,0,113,0.0,56.22,3,1.49,56,27.86,29,14.43,6.53,24.291,64.071,107.304,404.33,28.427,179.34,12.389,77.87,11.127,70.02,56.4,57.4,54.5,54.9,57.4,57.7,5.5,32.2,4863.0,4873,50
b1fc95c9-644e3c3f,Adaptive,0.5763413612096279,0.41968627960231536,0.8272945696641923,0.4113007947433495,1516,1656,985,671,531,88,114,56.44,0,114,0.0,56.44,1,0.5,61,30.2,26,12.87,6.93,24.191,57.921,99.406,388.31,26.909,181.15,11.963,80.26,10.779,72.39,56.2,57.2,54.3,54.8,57.0,51.0,5.1,30.2,4874.0,4875,53
b1fc95c9-cb2882c7,Adaptive,0.6722716889469077,0.45913553227312176,0.8778493119485555,0.433982848495941,3158,3308,2352,956,806,95,107,52.97,0,107,0.0,52.97,1,0.5,76,37.62,18,8.91,8.14,30.88,54.853,100.564,432.7,25.543,201.26,11.74,92.15,10.508,82.59,56.0,56.8,54.4,55.1,56.8,46.2,5.1,28.6,4843.0,4871,60
b1ff4656-0435391e,Adaptive,0.5544966241820415,0.34868457989301965,0.8587740364425418,0.37819992833833055,2561,2428,1575,853,986,100,102,50.5,0,102,0.0,50.5,1,0.5,81,40.1,18,8.91,7.66,29.058,61.009,103.75,451.32,27.625,204.43,12.157,89.76,10.949,80.92,55.9,56.9,54.1,54.8,56.9,54.6,5.0,29.9,4866.0,4866,57
b1ff4656-94ee8536,Adaptive,0.5663723033659163,0.41526245372906256,0.949442465870698,0.32229025224534874,1439,1003,852,151,587,83,120,59.11,0,120,0.0,59.11,1,0.49,48,23.65,34,16.75,6.22,21.582,61.988,97.32,363.72,27.892,165.84,12.221,72.39,10.988,65.15,56.1,57.2,54.3,55.2,57.2,58.8,5.0,30.5,4869.0,4870,46
b1ff4656-ebcfeb35,Adaptive,0.3146144665650258,0.19686050975968303,0.8516286125438146,0.21191979616705442,1326,708,471,237,855,76,127,62.56,0,127,0.0,62.56,1,0.49,40,19.7,35,17.24,5.75,19.544,65.003,99.202,359.2,27.578,151.88,12.182,66.91,10.923,60.05,56.1,57.1,54.5,55.2,57.1,60.6,4.9,31.1,4869.0,4869,43
b200b84e-4a792877,Adaptive,0.2801356480378788,0.14826085411039594,0.8280021905575001,0.19956124449251222,1765,922,564,358,1201,79,121,60.5,4,117,2.0,58.5,2,1.0,54,27.0,23,11.5,5.77,21.99,49.747,98.982,273.6,28.421,157.68,12.525,69.27,11.121,61.55,56.2,57.0,54.5,55.2,57.0,44.7,5.7,32.2,4865.0,4870,44
b200e97a-bf074435,Adaptive,0.5107832233493892,0.3031478103146796,0.8183715754710523,0.3705578619371723,2442,2436,1414,1022,1028,99,103,50.99,0,103,0.0,50.99,1,0.5,81,40.1,17,8.42,7.69,28.346,58.682,98.914,434.33,27.452,206.11,12.115,90.69,10.9,81.69,56.3,57.3,54.5,55.2,57.3,51.7,5.1,31.4,4862.0,4865,60
b20234fd-822029be,Adaptive,0.41295117676917853,0.24552768325144844,0.9030588209798283,0.26108815267929636,1921,1172,854,318,1067,89,113,55.94,0,113,0.0,55.94,1,0.5,58,28.71,30,14.85,6.48,23.603,62.438,102.73,388.08,28.641,180.24,12.389,77.63,11.154,69.98,56.3,57.7,54.5,55.6,57.7,59.3,5.0,31.4,4863.0,4864,50
b202cae2-672e61c5,Adaptive,0.5719497033225165,0.40312884678469085,0.872452355038788,0.37987839270689877,2487,2314,1567,747,920,98,105,51.72,0,105,0.0,51.72,1,0.49,80,39.41,17,8.37,7.73,28.03,64.439,100.306,477.07,26.826,199.99,12.082,89.78,10.778,80.19,56.3,57.0,54.7,55.2,57.0,59.4,5.2,30.6,4866.0,4867,60
b202cae2-f46c74a6,Adaptive,0.5996379764209353,0.4278510706472405,0.9308978532698845,0.3720572065956755,2328,1944,1460,484,868,98,104,51.49,0,104,0.0,51.49,1,0.5,82,40.59,15,7.43,7.55,27.325,61.215,101.788,445.84,27.49,201.71,12.099,88.48,10.913,79.9,56.2,57.0,54.6,55.3,57.0,55.1,5.1,30.6,4864.0,4866,59
b2036451-aa924fd1,Adaptive,0.5814653170983629,0.36853106588516543,0.872694420460341,0.39294191924368327,1941,1885,1226,659,715,84,118,58.42,0,118,0.0,58.42,2,0.99,60,29.7,22,10.89,6.9,24.975,63.115,104.596,418.74,26.076,174.45,11.837,78.85,10.661,71.1,56.0,57.1,54.6,55.1,57.1,57.4,5.2,29.4,4865.0,4867,52
b204a5c1-05981158,Adaptive,0.5542938499050382,0.39871692463998676,0.9128343504485803,0.3326236767431714,922,701,552,149,370,33,69,67.65,0,69,0.0,67.65,1,0.98,13,12.75,19,18.63,3.04,19.771,58.043,96.47,162.18,22.545,63.32,11.188,31.19,9.906,27.68,55.6,56.3,53.8,54.2,56.3,52.5,5.0,26.4,4871.0,4871,22
b204a5c1-064b0040,Adaptive,0.4921167323191157,0.2777359831996707,0.8472146125306305,0.33541580992190245,2247,1896,1258,638,989,95,107,52.97,0,107,0.0,52.97,1,0.5,73,36.14,21,10.4,7.69,26.89,59.185,105.592,443.59,26.73,200.39,11.947,89.3,10.756,80.47,55.9,57.4,54.2,54.9,57.4,51.8,5.2,30.4,4871.0,4875,58
b204a5c1-fa3d5b88,Adaptive,0.5556566079282454,0.33847526312132603,0.9059495989928841,0.35641937594760154,2527,2093,1501,592,1026,92,110,54.46,0,110,0.0,54.46,1,0.5,71,35.15,20,9.9,7.5,26.368,61.73,100.158,446.35,26.26,190.18,11.866,85.63,10.65,76.94,55.9,56.8,54.4,54.9,56.8,55.7,5.1,29.2,4875.0,4876,58
b205eb4d-f84aaa1a,Adaptive,0.5339087666915001,0.3698180102311963,0.8671111465179149,0.3581016490305767,2005,1776,1182,594,823,89,113,55.94,0,113,0.0,55.94,1,0.5,66,32.67,22,10.89,7.29,25.654,59.414,106.956,421.09,26.286,186.01,11.796,83.23,10.65,75.24,55.8,56.8,54.2,54.8,56.8,52.1,5.1,29.4,4877.0,4878,56
b2064e61-2beadd45,Adaptive,0.5806654565334972,0.3816640517609913,0.9451849979410637,0.3432088352908102,2109,1582,1277,305,832,84,119,58.62,0,119,0.0,58.62,1,0.49,56,27.59,27,13.3,6.47,23.869,59.753,98.984,372.08,27.356,171.04,12.082,75.27,10.876,67.84,56.0,56.9,54.3,55.0,56.8,56.6,5.0,30.5,4878.0,4878,48
b206a78b-99f405ab,Adaptive,0.500835743201016,0.3437957818364977,0.9204526541277129,0.31182659768952503,2188,1551,1161,390,1027,92,110,54.46,0,110,0.0,54.46,1,0.5,68,33.66,23,11.39,6.99,25.937,64.913,105.63,440.9,27.844,188.4,12.224,82.42,11.019,74.4,56.2,57.1,54.3,54.8,57.1,61.2,5.0,31.4,4872.0,4875,52
b2080dc7-f9b98a5f,Adaptive,0.04296944489765399,0.02207944946010762,0.8051016945457145,0.03009757457485364,1055,85,54,31,1001,22,180,89.11,137,43,67.82,21.29,3,1.49,7,3.47,12,5.94,8.33,37.106,35.748,82.43,292.37,8.106,66.27,11.737,95.42,7.773,63.22,53.4,55.1,53.8,54.8,55.1,15.2,26.2,10.5,4873.0,4877,63
b20841f9-cef732d5,Adaptive,0.5973071526047213,0.3842715966342551,0.8931685352031247,0.3837954785911036,2083,1879,1356,523,727,93,110,54.19,0,110,0.0,54.19,1,0.49,66,32.51,26,12.81,7.44,26.99,57.208,95.022,411.54,26.693,192.11,11.923,85.58,10.724,77.04,55.1,56.0,53.4,54.0,56.0,52.9,5.0,29.7,4868.0,4876,55
b20b69d2-64b9cdb8,Adaptive,0.4456417801166327,0.2996595635952789,0.8414645794897175,0.3131074020319304,1300,1060,643,417,657,83,120,59.11,0,120,0.0,59.11,1,0.49,51,25.12,31,15.27,5.94,21.381,58.426,106.674,335.75,29.141,168.08,12.483,71.72,11.195,64.4,55.8,56.7,53.8,54.4,56.7,54.5,4.6,32.2,4862.0,4862,45
b20b69d2-650e674d,Adaptive,0.6260433636175418,0.3953529066078594,0.9041382261334847,0.3910630938559265,3258,2944,2210,734,1048,105,97,48.02,0,97,0.0,48.02,1,0.5,95,47.03,9,4.46,8.36,31.019,58.223,99.092,465.7,27.066,220.06,12.033,97.5,10.821,87.76,55.8,56.8,54.0,54.9,56.8,52.9,5.0,30.5,4865.0,4874,63
b20b69d2-6e2b9e73,Adaptive,0.38721746461195594,0.23275806479762157,0.813769691069212,0.2665239146833332,1317,917,610,307,707,75,128,63.05,0,128,0.0,63.05,2,0.99,37,18.23,36,17.73,6.21,20.86,56.092,94.108,332.26,25.662,154.34,11.8,70.68,10.537,63.21,55.5,56.8,53.7,54.4,56.8,51.1,5.2,27.8,4872.0,4876,46
b20b69d2-7767e6b6,Adaptive,0.4626549985402739,0.29221199487791105,0.8232153285220571,0.33233555913730906,1032,909,544,365,488,77,126,62.07,7,119,3.45,58.62,4,1.97,39,19.21,34,16.75,6.56,22.788,59.692,99.17,371.84,25.425,160.36,11.931,75.03,10.497,66.05,55.6,56.7,54.0,55.3,56.9,54.0,7.1,29.0,4879.0,4882,50
b20b69d2-bd242bf0,Adaptive,0.4044116959985832,0.2345080397225104,0.7504540954360682,0.3170242416616613,2122,1985,1060,925,1062,79,81,50.62,0,81,0.0,50.62,2,1.25,63,39.38,14,8.75,6.71,32.243,55.0,100.968,353.58,25.181,163.61,11.607,75.2,10.425,67.61,55.5,56.6,54.0,54.8,56.6,47.1,5.3,28.3,4871.0,4871,50
b20b69d2-ca16c907,Adaptive,0.4748795125863967,0.323159727607931,0.8541350840589446,0.32172611339278,891,728,471,257,420,68,130,65.66,0,130,0.0,65.66,1,0.51,28,14.14,39,19.7,5.6,18.583,65.332,104.608,347.93,25.899,139.64,11.778,63.19,10.553,56.7,55.6,56.4,54.0,54.6,56.3,61.3,5.0,28.5,4873.0,4873,43
b20b69d2-e31380a7,Adaptive,0.480226489964049,0.2970900729895102,0.8375587660932103,0.33819618446991007,529,467,284,183,245,54,120,68.97,13,107,7.47,61.49,6,3.45,17,9.77,31,17.82,5.18,21.605,56.362,95.878,275.81,22.688,112.74,11.772,58.4,10.023,49.72,55.2,56.8,53.8,55.4,56.8,51.2,9.1,27.2,4871.0,4873,39
b20b69d2-ffc1d6af,Adaptive,0.43199798794825794,0.26000838098309076,0.8224360769846332,0.3114377681412415,1622,1335,801,534,821,83,116,58.29,0,116,0.0,58.29,1,0.5,58,29.15,24,12.06,6.68,23.524,57.208,98.228,363.35,26.373,168.85,11.852,75.67,10.658,68.09,55.5,56.3,53.7,54.2,56.3,50.5,5.1,29.7,4873.0,4879,49
b20b9c19-91e01a50,Adaptive,0.5312541958693602,0.33476150108622094,0.7966171484823328,0.3956395219095055,1745,1926,1070,856,675,90,112,55.45,0,112,0.0,55.45,1,0.5,70,34.65,19,9.41,7.23,26.187,58.097,97.152,402.48,26.594,186.03,11.881,82.83,10.718,74.79,55.6,56.5,53.9,54.3,56.5,51.2,4.9,29.9,4872.0,4880,54
b20d494a-cdebe83e,Adaptive,0.3107419251317741,0.18104559652614446,0.7320990501875617,0.25215307622583294,1203,929,464,465,739,71,127,64.14,0,127,0.0,64.14,1,0.51,35,17.68,35,17.68,5.61,20.068,58.905,99.118,313.01,26.806,143.64,11.974,63.93,10.79,57.69,55.7,56.6,53.8,54.4,56.6,53.3,4.9,29.9,4870.0,4870,42
b20e291a-32ac11c1,Adaptive,0.5171740946519277,0.3347488086390744,0.8414509313046675,0.36318783531121,2599,2446,1500,946,1099,103,99,49.01,0,99,0.0,49.01,1,0.5,86,42.57,16,7.92,8.05,29.619,60.465,99.744,471.49,27.209,214.24,12.082,94.85,10.825,85.08,55.9,56.9,54.1,54.6,56.9,55.2,5.0,31.4,4866.0,4871,60
b20e291a-6012d836,Adaptive,0.4889696514935957,0.31372356055186,0.8266882240817435,0.35022084242574225,2245,2079,1243,836,1002,92,111,54.68,0,111,0.0,54.68,1,0.49,66,32.51,25,12.32,7.3,26.828,56.824,97.862,399.47,26.814,191.09,11.96,84.93,10.738,76.36,55.8,57.5,53.9,54.5,57.5,53.3,4.9,30.2,4866.0,4867,55
b20eae11-149766ce,Adaptive,0.1065007691318636,0.054398313603676016,0.6906857473152682,0.09107503512469267,1752,520,245,275,1507,75,128,63.05,3,125,1.48,61.58,22,10.84,18,8.87,35,17.24,6.65,26.177,56.525,97.722,361.35,24.32,155.59,11.996,76.39,10.476,66.83,55.5,56.4,54.0,54.6,56.4,47.3,10.1,27.1,4859.0,4870,50
b20eae11-18cd8ca2,Adaptive,0.34607451054930005,0.1647533393083817,0.9067028625966326,0.21453429830081813,1135,560,425,135,710,68,134,66.34,0,134,0.0,66.34,1,0.5,27,13.37,40,19.8,5.1,17.695,68.599,96.07,334.86,27.81,135.91,12.236,59.56,10.969,53.47,55.9,56.7,54.0,54.5,56.7,66.2,5.0,30.6,4859.0,4861,37
b20eae11-6817ba7a,Adaptive,0.34919790278980756,0.20237504794972372,0.9001637546342113,0.21233911348590248,1560,763,598,165,962,75,127,62.87,5,122,2.48,60.4,5,2.48,36,17.82,34,16.83,6.1,21.872,58.894,104.068,346.71,26.115,153.71,12.087,71.19,10.694,62.99,55.8,57.1,54.0,54.6,57.1,55.1,7.1,30.4,4869.0,4872,47
b20ff95c-b9444127,Adaptive,0.372829278656027,0.18043460812855014,0.8243717735592264,0.2658089983938825,787,553,335,218,452,42,60,58.82,0,60,0.0,58.82,1,0.98,25,24.51,16,15.69,3.21,22.462,66.562,98.634,196.86,26.626,78.65,12.033,35.34,10.749,31.61,56.0,56.9,54.1,54.5,56.9,62.8,4.9,28.8,4871.0,4872,24
b2102d00-5eb86b71,Adaptive,0.49967518620304263,0.2987652310415604,0.8963461655757977,0.3247879316754212,2413,1845,1300,545,1113,92,110,54.46,2,108,0.99,53.47,1,0.5,71,35.15,20,9.9,6.81,25.726,66.309,96.262,433.78,28.481,187.58,12.403,81.43,11.133,73.15,56.2,57.1,54.3,54.7,57.1,64.2,5.4,32.8,4873.0,4876,53
b2102d00-a8c09be1,Adaptive,0.4806518751840114,0.28716324595691883,0.9068380436841645,0.3080314132636248,1943,1390,997,393,946,84,118,58.42,0,118,0.0,58.42,1,0.5,57,28.22,26,12.87,6.27,23.397,58.135,94.574,347.83,27.91,169.58,12.23,73.89,11.037,66.81,56.2,57.4,54.2,54.9,57.4,58.1,5.1,31.3,4875.0,4876,47
b2131b7b-e58faab7,Adaptive,0.3589490253855038,0.18304223152143168,0.8466833473812242,0.23967330732794648,970,592,396,196,574,55,147,72.77,39,108,19.31,53.47,1,0.5,19,9.41,35,17.33,6.03,22.869,58.546,105.316,340.13,21.856,127.81,12.068,70.0,9.991,58.09,55.6,57.4,54.5,55.8,57.4,44.4,12.5,28.2,4876.0,4878,46
b213e4eb-09c01a17,Adaptive,0.5833923286042253,0.38834276556767955,0.9276323516950767,0.3430955385424752,1885,1442,1173,269,712,84,118,58.42,0,118,0.0,58.42,1,0.5,55,27.23,28,13.86,6.74,23.735,59.122,100.576,377.76,26.428,171.67,11.931,76.92,10.724,69.27,55.8,56.6,53.9,54.5,56.6,55.7,5.1,28.6,4876.0,4878,50
b214d1e1-f248c616,Adaptive,0.46563896314638176,0.2836432366244559,0.8951141314309096,0.30753292393216025,2069,1509,1031,478,1038,98,102,51.0,0,102,0.0,51.0,1,0.5,78,39.0,19,9.5,7.37,27.851,62.355,97.824,442.26,28.163,202.21,12.225,87.42,11.065,79.22,56.1,57.1,54.1,54.7,57.1,59.6,5.0,31.7,4867.0,4871,55
b21547c1-73e457f8,Adaptive,0.5173222788511536,0.3246211353223024,0.9197941112031632,0.3192923722240811,2076,1503,1143,360,933,91,112,55.17,0,112,0.0,55.17,1,0.49,64,31.53,26,12.81,6.64,24.977,65.376,98.896,413.04,28.671,183.11,12.444,79.24,11.168,71.17,56.3,57.1,54.3,54.9,57.1,62.9,5.0,32.3,4866.0,4866,50
b21547c1-796757ac,Adaptive,0.2174758083620935,0.12404788278226557,0.8830043161169681,0.13210287005126126,2365,730,578,152,1787,77,125,61.88,0,125,0.0,61.88,1,0.5,42,20.79,34,16.83,5.71,20.206,63.495,102.42,342.21,27.872,152.44,12.219,66.49,11.018,60.02,56.2,57.2,54.3,54.8,57.2,57.5,5.0,30.7,4865.0,4865,43
b2156f8e-72e1547c,Adaptive,0.33109445294042456,0.2083850950876842,0.7978250460283646,0.24139639639639637,840,555,329,226,511,70,121,63.35,5,116,2.62,60.73,4,2.09,30,15.71,36,18.85,5.79,21.635,52.04,101.208,284.99,25.664,141.56,11.971,65.88,10.622,58.52,55.9,57.0,54.3,55.9,57.0,44.0,6.6,29.4,4863.0,4872,43
b215943a-10e44587,Adaptive,0.43723748438565657,0.2645905589000578,0.7960799362664559,0.3184654516176255,792,690,412,278,380,74,117,61.26,3,114,1.57,59.69,4,2.09,39,20.42,31,16.23,5.83,22.287,59.814,100.246,333.45,26.476,147.73,12.067,67.19,10.793,60.13,56.0,57.1,54.3,54.9,57.1,58.2,6.2,30.1,4864.0,4872,44
b216243d-55963da2,Adaptive,0.6139416430577789,0.4212105915897599,0.9448884918309601,0.36674659579956287,1713,1376,1094,282,619,49,54,52.43,0,54,0.0,52.43,1,0.97,39,37.86,9,8.74,4.02,29.895,60.139,103.44,224.84,25.477,97.14,11.773,44.7,10.518,40.01,56.0,56.8,54.2,54.7,56.8,56.2,5.1,29.3,4872.0,4873,30
b216243d-ad4306b9,Adaptive,0.6058793426363299,0.39635208712844233,0.9147335010829162,0.3716538631416223,1093,928,710,218,383,47,56,54.37,0,56,0.0,54.37,1,0.97,35,33.98,11,10.68,3.68,26.76,66.485,102.742,222.47,26.297,89.76,11.969,40.62,10.653,36.22,56.1,57.0,54.2,54.6,57.0,62.8,5.0,28.7,4872.0,4873,27
b2169b74-fa197951,Adaptive,0.6023535762981478,0.3837655298613482,0.8998771260669445,0.38432624680306904,2040,1840,1325,515,715,85,118,58.13,0,118,0.0,58.13,2,0.99,56,27.59,27,13.3,6.89,24.389,53.157,94.786,355.95,26.566,178.57,11.896,79.76,10.744,72.09,56.0,56.9,54.2,54.6,56.9,46.4,5.2,31.0,4878.0,4882,53
b21742c2-0e7a2b57,Adaptive,0.4011617238794719,0.2474772951896343,0.871288435995019,0.25970442044709086,2128,1341,955,386,1173,77,125,61.88,0,125,0.0,61.88,1,0.5,42,20.79,34,16.83,6.29,21.439,55.736,101.46,332.49,26.083,158.05,11.819,71.38,10.692,64.66,55.9,56.7,54.1,54.6,56.7,48.6,5.0,28.6,4896.0,4897,48
b21742c2-18d3463a,Adaptive,0.5303122072874864,0.2980039892540335,0.8286103743047739,0.37524635464641376,3260,3177,1987,1190,1273,106,96,47.52,0,96,0.0,47.52,1,0.5,94,46.53,11,5.45,8.92,33.149,60.571,101.996,529.26,25.67,224.64,11.772,102.78,10.554,92.22,55.9,56.8,54.1,54.6,56.8,53.1,5.1,28.4,4895.0,4897,69
b2194b15-1825056a,Adaptive,0.30802266288330793,0.18490317954845975,0.8843743848916809,0.1995856442708965,1798,862,606,256,1192,73,130,64.04,0,130,0.0,64.04,2,0.99,35,17.24,36,17.73,5.67,19.783,62.332,102.272,339.7,26.771,145.95,12.1,65.6,10.818,58.76,55.8,56.8,54.0,54.6,56.8,58.6,5.1,28.0,4892.0,4898,43
b21bfb83-ea32f716,Adaptive,0.562553394886156,0.3717384174396049,0.9720081743072619,0.30617829260482116,2380,1522,1373,149,1007,91,111,54.95,0,111,0.0,54.95,1,0.5,68,33.66,22,10.89,6.7,24.642,59.055,103.598,373.0,28.647,183.93,12.396,79.3,11.172,71.55,56.2,56.9,54.3,54.8,56.9,57.5,4.9,32.6,4889.0,4893,50
b21c68e6-65674a17,Adaptive,0.25805267479584115,0.13656569292830983,0.7796794238682678,0.1949443927405317,1742,961,536,425,1206,80,123,60.59,0,123,0.0,60.59,4,1.97,45,22.17,31,15.27,6.26,22.607,60.917,96.372,369.69,26.998,164.04,12.07,73.13,10.875,65.96,56.0,57.1,54.4,55.2,57.1,56.3,5.5,30.2,4885.0,4889,47
b21c86ac-0dc77d82,Adaptive,0.6818141657548655,0.49282279601985957,0.9762695509811656,0.3648227263411789,1832,1385,1277,108,555,67,135,66.83,0,135,0.0,66.83,1,0.5,26,12.87,40,19.8,5.74,18.957,54.721,101.726,296.13,24.963,135.97,11.692,63.41,10.409,56.53,55.8,56.7,54.3,54.9,56.7,47.0,5.1,28.5,4890.0,4893,42
b21c86ac-2eb7ba16,Adaptive,0.5504509581901164,0.346182222055326,0.8773966047550169,0.36947615171914233,2889,2590,1736,854,1153,100,103,50.74,0,103,0.0,50.74,1,0.49,81,39.9,18,8.87,7.93,30.434,61.929,101.802,476.45,27.123,210.3,12.088,93.52,10.848,83.99,56.1,57.1,54.5,55.0,57.1,55.5,5.1,31.0,4887.0,4889,60
b21c86ac-71205084,Adaptive,0.6238325977116,0.41664014917100545,0.9249686666693706,0.37757768668113495,1914,1625,1269,356,645,93,109,53.96,0,109,0.0,53.96,1,0.5,67,33.17,25,12.38,6.98,25.878,60.179,96.34,404.41,27.988,189.63,12.306,83.03,11.028,74.52,56.1,57.2,54.6,55.1,57.2,56.6,5.1,30.9,4890.0,4891,53
b21d5efb-5e2cd743,Adaptive,0.07302522206338986,0.032937362639519366,0.8222696997927756,0.05160089050799434,1350,183,114,69,1236,25,177,87.62,124,53,61.39,26.24,3,1.49,8,3.96,14,6.93,7.86,34.545,36.862,86.276,284.72,9.66,75.01,11.829,90.66,7.899,60.66,53.6,55.3,53.8,55.5,55.3,14.9,25.3,12.5,4892.0,4894,59
b2208b0f-2796a692,Adaptive,0.5759286304276376,0.33846815574453015,0.8816227902231657,0.3839651311649625,4174,3869,2614,1255,1560,110,93,45.81,0,93,0.0,45.81,1,0.49,105,51.72,4,1.97,9.47,36.57,53.998,101.604,494.27,25.354,234.6,11.632,107.41,10.429,96.36,55.1,56.2,53.5,54.4,56.2,45.0,5.0,28.3,4892.0,4893,70
b229488e-e4714bb7,Adaptive,0.5419492259285453,0.3166996492278346,0.9479808645024103,0.31956818987226654,1354,942,763,179,591,78,124,61.39,0,124,0.0,61.39,1,0.5,42,20.79,35,17.33,5.67,20.856,56.513,101.722,304.64,28.142,152.16,12.303,66.08,11.061,59.53,55.3,56.4,53.6,54.6,56.4,54.3,5.0,29.2,4897.0,4900,42
b22a4d9f-48b2e986,Adaptive,0.5132245754854204,0.32635865385575397,0.8955645826931995,0.3332169457007255,1414,1114,782,332,632,77,126,62.07,0,126,0.0,62.07,1,0.49,39,19.21,37,18.23,6.14,20.258,52.176,94.946,314.07,26.787,159.78,11.921,70.89,10.712,63.77,55.5,56.5,53.9,54.4,56.5,47.6,5.1,31.1,4900.0,4900,46
b22a4d9f-73cc8810,Adaptive,0.5660077115010453,0.3479807276027789,0.898098002375133,0.36829686650211274,2255,1961,1368,593,887,89,114,56.16,0,114,0.0,56.16,1,0.49,67,33.0,21,10.34,6.9,24.62,51.145,96.934,337.26,27.198,180.01,12.11,79.83,10.835,71.51,55.7,56.7,53.9,54.4,56.7,49.0,4.9,30.6,4904.0,4904,52
b22e02cd-6af68e18,Adaptive,0.2782542813325373,0.1493259080609333,0.8285314362272976,0.19874184945577975,865,453,272,181,593,61,141,69.8,39,102,19.31,50.5,7,3.47,24,11.88,30,14.85,6.41,26.21,52.79,105.568,318.38,21.299,130.74,12.306,75.3,9.943,60.87,55.1,56.6,54.1,55.6,56.6,43.6,12.7,26.2,4908.0,4910,48
b22f385b-5d7e5202,Adaptive,0.7606982920517389,0.6435671901261163,0.9727737440219638,0.4150377567030708,1281,1111,998,113,283,70,132,65.35,0,132,0.0,65.35,1,0.5,26,12.87,43,21.29,5.75,18.691,63.978,102.692,351.19,26.02,142.67,11.816,64.59,10.57,57.83,55.5,56.2,53.6,54.1,56.2,60.0,5.1,28.4,4900.0,4906,44
b230132b-ff8f2719,Adaptive,0.45998892341227626,0.3103822446500687,0.9243014513071316,0.2797545379537954,1616,1020,789,231,827,81,122,60.1,0,122,0.0,60.1,1,0.49,49,24.14,31,15.27,6.0,21.506,57.965,100.846,337.08,28.224,164.64,12.314,71.6,11.022,64.14,55.8,56.7,53.9,54.6,56.7,53.4,5.0,31.5,4895.0,4895,47
b230a7b2-c881c382,Adaptive,0.2425277261686942,0.15004604135391164,0.8575245225164201,0.15998965185896963,830,326,229,97,601,61,142,69.95,7,135,3.45,66.5,4,1.97,12,5.91,45,22.17,5.09,18.228,61.203,97.252,294.38,25.503,123.98,12.116,58.8,10.528,51.12,55.7,56.7,54.0,54.6,56.7,56.8,7.3,29.3,4894.0,4900,39
b231a630-c4522992,Adaptive,0.5845645587259143,0.35614786236702767,0.9072911238869263,0.3619111404373405,3209,2674,2028,646,1181,98,104,51.49,0,104,0.0,51.49,1,0.5,83,41.09,14,6.93,7.99,29.098,63.456,107.112,489.66,26.536,206.58,11.909,92.48,10.709,83.22,55.9,56.7,54.1,54.4,56.7,57.9,5.2,30.7,4898.0,4900,62
b232c7c9-d251d9ee,Adaptive,0.6276332365752857,0.3856735149230744,0.8827007055556401,0.4060675465473891,3174,3086,2193,893,981,102,100,49.5,0,100,0.0,49.5,1,0.5,90,44.55,11,5.45,8.55,32.85,58.522,99.152,481.29,25.694,213.66,11.749,97.51,10.528,87.46,55.6,56.5,53.9,54.7,56.6,51.3,5.0,28.6,4898.0,4902,65
b2331b83-648e56ca,Adaptive,0.31674859983174797,0.2141439069576802,0.8894292080859673,0.20226806395445446,1521,728,528,200,993,73,129,63.86,0,129,0.0,63.86,1,0.5,35,17.33,37,18.32,5.55,19.396,65.791,101.15,353.35,27.438,147.3,12.179,65.11,10.918,58.45,55.7,56.5,53.9,54.3,56.5,62.9,5.1,28.7,4902.0,4902,41
b2331b83-a28e6b57,Adaptive,0.5324473972584746,0.3299667537221295,0.8502532091667014,0.366425044647547,3230,3006,1923,1083,1307,105,98,48.28,0,98,0.0,48.28,1,0.49,94,46.31,10,4.93,8.71,32.795,59.028,102.612,498.06,26.173,221.25,11.81,99.66,10.596,89.46,55.8,56.6,54.0,54.5,56.6,52.1,5.1,30.1,4903.0,4903,66
b23493b1-3200de1c,Adaptive,0.552286527569632,0.35194138655503954,0.858485219844823,0.37842715329308746,3179,3012,1947,1065,1232,102,100,49.5,0,100,0.0,49.5,1,0.5,88,43.56,13,6.44,8.67,32.489,56.189,102.47,470.44,25.487,216.04,11.675,98.64,10.442,88.31,55.5,56.4,53.8,54.2,56.4,48.9,5.3,28.4,4905.0,4905,67
b237db93-fab44bf2,Adaptive,0.5277154104091539,0.3286563857896475,0.9037815154579837,0.33379634815727566,1017,790,578,212,439,83,120,59.11,0,120,0.0,59.11,1,0.49,49,24.14,33,16.26,6.25,21.978,58.569,99.526,350.21,27.652,168.0,12.222,73.9,10.926,66.15,55.7,56.8,53.8,54.4,56.8,53.8,5.0,30.0,4905.0,4906,47
b23a79d1-43dfeecd,Adaptive,0.33092341053340163,0.19991025587199657,0.8749401506959983,0.22114169426495656,1690,913,612,301,1078,79,124,61.08,0,124,0.0,61.08,1,0.49,45,22.17,33,16.26,5.85,21.306,49.019,95.554,272.44,28.228,160.47,12.256,69.36,11.088,62.83,55.9,56.9,54.1,54.6,56.9,43.8,4.9,31.8,4909.0,4915,43
b23a79d1-e434acaa,Adaptive,0.46375406125940605,0.3050233203961965,0.8992479624040857,0.2970686948519461,1078,754,538,216,540,65,138,67.98,43,95,21.18,46.8,1,0.49,41,20.2,23,11.33,6.84,26.063,45.079,99.558,297.01,20.745,135.77,12.18,79.93,9.817,64.35,55.0,56.4,54.2,55.7,56.4,34.1,12.4,24.2,4912.0,4916,52
b23adb0d-72704b27,Adaptive,0.44548507397735765,0.27249157356450315,0.9380671459885794,0.26512195921578907,1208,707,565,142,643,68,134,66.34,0,134,0.0,66.34,1,0.5,24,11.88,43,21.29,5.07,17.845,61.678,104.508,300.81,28.062,135.57,12.297,59.23,11.028,53.16,55.9,56.7,54.3,55.0,56.7,60.5,5.0,31.2,4913.0,4914,39
b23adb0d-8a7aaced,Adaptive,0.2764028361223664,0.15613232645614467,0.7930332657530954,0.2062444555033862,2147,1227,697,530,1450,82,121,59.61,0,121,0.0,59.61,1,0.49,48,23.65,33,16.26,6.0,21.755,68.121,102.832,385.88,28.674,164.16,12.461,71.05,11.167,63.74,56.3,57.3,54.4,54.8,57.3,65.5,5.1,32.8,4910.0,4913,46
b23b2649-1a78948d,Adaptive,0.4400352772125855,0.2658440499820652,0.8032499593274536,0.3269311150421341,1332,1207,667,540,665,75,115,60.53,0,115,0.0,60.53,1,0.53,46,24.21,28,14.74,6.09,22.275,58.832,101.194,344.28,26.259,153.55,11.922,69.51,10.665,62.24,55.9,56.8,54.2,54.9,56.8,53.2,5.1,29.9,4907.0,4908,45
b23b2649-6af03cd5,Adaptive,0.5737594331178696,0.37584957193974255,0.8752159696228452,0.37957245840159387,1469,1365,924,441,545,81,122,60.1,0,122,0.0,60.1,1,0.49,50,24.63,30,14.78,6.44,22.131,56.229,102.51,345.73,26.633,166.04,11.915,74.0,10.721,66.66,55.9,56.8,54.1,54.7,56.8,50.6,5.0,30.6,4906.0,4906,50
b23b2649-8349d2a1,Adaptive,0.43303875286280397,0.23339239661442696,0.8450142281212605,0.2776173868859274,1493,1044,750,294,743,40,52,56.52,0,52,0.0,56.52,1,1.09,28,30.43,11,11.96,3.31,26.595,62.401,95.914,185.94,24.549,74.78,11.583,35.06,10.306,31.29,55.8,56.7,54.0,54.4,56.7,56.6,5.0,27.0,4906.0,4906,25
b23bb45f-ddeea1d8,Adaptive,0.6420628399600574,0.40667861670479866,0.9203044010235643,0.3895881006864988,1035,912,710,202,325,69,134,66.01,0,134,0.0,66.01,1,0.49,30,14.78,38,18.72,5.73,18.376,57.672,104.144,314.57,25.983,144.01,11.816,65.19,10.604,58.59,55.8,56.8,54.0,54.5,56.8,50.3,5.1,29.7,4906.0,4907,44
b23c9e00-b425de1b,Adaptive,0.4234492905058396,0.2802129002509953,0.934875184881329,0.2515179752021857,2717,1512,1214,298,1503,91,111,54.95,0,111,0.0,54.95,1,0.5,66,32.67,24,11.88,6.66,25.009,60.965,106.67,392.91,28.549,184.4,12.309,79.24,11.132,71.75,56.1,57.1,54.3,55.2,57.1,55.0,5.0,32.0,4902.0,4903,51
b23f7012-32d284ce,Adaptive,0.2816088100670839,0.1577597715923036,0.8420467948972918,0.19441982301923896,1660,821,532,289,1128,80,123,60.59,0,123,0.0,60.59,1,0.49,45,22.17,34,16.75,5.81,20.487,67.289,103.564,376.91,28.511,160.88,12.422,69.78,11.113,62.53,56.4,57.8,54.7,55.1,57.8,62.8,4.9,31.7,4903.0,4903,45
b23f7012-fab06dac,Adaptive,0.26271356548133323,0.16643760875333485,0.8938940039660496,0.1606917716420229,1714,646,496,150,1218,70,132,65.35,0,132,0.0,65.35,5,2.48,25,12.38,40,19.8,5.46,19.236,63.85,96.868,338.78,27.097,143.15,12.256,64.49,10.878,57.32,56.3,57.2,54.5,55.0,57.2,57.2,5.9,30.1,4902.0,4908,42
b23fe89b-c704fe97,Adaptive,0.39929943030261306,0.23656067277330067,0.8882400228921858,0.26276345778801197,1166,730,505,225,661,72,131,64.53,0,131,0.0,64.53,1,0.49,34,16.75,37,18.23,5.29,18.244,62.643,102.012,318.07,28.154,143.4,12.275,62.31,11.061,56.22,56.4,57.4,54.4,54.9,57.4,56.7,5.0,30.9,4913.0,4913,41
b24071b8-b3ee1196,Adaptive,0.5449195924840284,0.32149783415393257,0.8480277537684545,0.37305395465366775,4862,4592,2992,1600,1870,113,89,44.06,0,89,0.0,44.06,1,0.5,108,53.47,4,1.98,10.51,41.522,52.727,103.298,538.12,24.368,254.03,11.438,117.61,10.27,105.6,55.9,56.8,54.2,54.9,56.8,42.8,5.3,28.8,4910.0,4917,82
b2408e45-984ba5aa,Adaptive,0.517438617615793,0.3302873804314085,0.8541078159052263,0.35874625865697624,1945,1765,1114,651,831,96,107,52.71,0,107,0.0,52.71,1,0.49,76,37.44,19,9.36,7.36,27.283,58.833,102.146,419.36,27.632,197.64,12.19,86.76,10.956,78.09,55.7,56.9,54.0,54.7,56.9,55.8,5.0,29.2,4914.0,4915,56
b242929f-3051abca,Adaptive,0.5146613573904866,0.347565253884758,0.9024708688213362,0.3303017977106538,1863,1445,1026,419,837,91,111,54.95,0,111,0.0,54.95,1,0.5,63,31.19,27,13.37,6.98,25.038,59.176,105.99,394.21,27.691,186.36,12.142,81.43,10.968,73.64,56.0,56.9,54.4,54.9,56.9,56.4,5.1,31.1,4916.0,4920,53
b242f6b2-0033bdfb,Adaptive,0.39500637103377434,0.2651195976035033,0.9531168208925455,0.22485105647812703,2809,1360,1155,205,1654,84,118,58.42,0,118,0.0,58.42,1,0.5,53,26.24,30,14.85,6.52,23.596,60.299,95.532,380.89,27.26,172.47,12.123,76.41,10.898,68.78,56.1,57.0,54.4,55.1,56.9,55.9,5.0,30.7,4914.0,4920,48
b242f6b2-99d2f2c1,Adaptive,0.19297095223973204,0.10116788280760877,0.8270218336451577,0.13321067499256614,1520,531,339,192,1181,64,139,68.47,16,123,7.88,60.59,4,1.97,25,12.32,35,17.24,5.62,20.976,66.647,104.11,354.44,24.288,130.95,12.201,65.83,10.423,56.21,55.8,56.9,54.4,55.0,56.9,58.7,8.9,27.6,4905.0,4920,43
b242f6b2-eaa39345,Adaptive,0.3915308465779751,0.25764517703902523,0.9038732228692024,0.24891709864371045,1683,979,707,272,976,89,113,55.94,0,113,0.0,55.94,1,0.5,58,28.71,30,14.85,6.39,23.337,67.745,107.712,409.82,29.287,179.23,12.575,76.69,11.297,68.96,56.4,57.3,54.4,54.9,57.3,60.5,5.0,33.3,4910.0,4912,48
b242f6b2-f5da110f,Adaptive,0.32245100217392325,0.1837654092086843,0.8871721268276924,0.20983621487015297,1875,937,660,277,1215,79,122,60.7,3,119,1.49,59.2,5,2.49,42,20.9,32,15.92,6.03,22.721,65.214,101.068,379.8,27.531,160.27,12.39,71.98,10.975,63.81,56.4,57.6,54.5,55.1,57.6,58.8,6.3,31.2,4909.0,4911,47
b24380ab-63272e5a,Adaptive,0.05383071697383707,0.026636270464716633,0.847264817779327,0.036146816884279516,811,73,50,23,761,36,164,82.0,122,42,61.0,21.0,16,8.0,7,3.5,13,6.5,8.99,41.094,38.421,85.482,335.98,11.749,103.52,11.856,104.46,8.321,73.3,54.2,56.5,54.6,55.8,56.7,17.7,23.3,17.3,4901.0,4908,69
b24380ab-6dbeb908,Adaptive,0.29983095430860374,0.1654498168477078,0.8531958524886073,0.20629749415641796,1481,771,495,276,986,74,128,63.37,6,122,2.97,60.4,6,2.97,37,18.32,31,15.35,5.96,22.831,56.152,100.978,324.0,26.099,149.81,12.107,69.32,10.709,61.37,55.2,56.2,53.5,54.5,56.2,54.0,7.4,27.9,4903.0,4913,45
b24c9ee6-e43a6e8b,Adaptive,0.3059484367642667,0.1956003893421518,0.903192374342473,0.1969531387027325,1061,489,347,142,714,75,127,62.87,16,111,7.92,54.95,16,7.92,26,12.87,33,16.34,6.66,27.15,59.466,105.536,379.81,24.277,156.11,12.279,79.21,10.499,67.66,55.3,56.9,53.9,55.2,56.6,53.1,10.4,28.9,4900.0,4910,51
b24ca67a-594d7d3c,Adaptive,0.5110505421308873,0.35762581099436197,0.9728625515798662,0.28506320600517676,1019,607,532,75,487,75,127,62.87,0,127,0.0,62.87,1,0.5,34,16.83,40,19.8,5.62,19.713,55.166,96.9,293.9,27.913,149.22,12.227,65.2,11.031,58.86,55.8,56.9,54.1,54.9,56.9,48.9,5.0,31.9,4905.0,4906,41
b24d283f-33783d1b,Adaptive,0.6242968032950376,0.4112925771146735,0.9178826250810603,0.3897749746414384,2991,2655,1985,670,1006,101,101,50.0,0,101,0.0,50.0,1,0.5,86,42.57,14,6.93,8.31,30.966,55.802,95.316,449.38,26.248,212.62,11.889,96.03,10.653,86.11,55.9,56.7,54.5,55.0,56.7,47.0,5.0,30.1,4906.0,4907,62
b24f03f7-ff66eaca,Adaptive,0.7372200632321908,0.5652757735252688,0.9839965922335906,0.39373691580046793,1165,941,871,70,294,72,130,64.36,0,130,0.0,64.36,1,0.5,26,12.87,45,22.28,5.74,19.903,60.13,106.018,324.88,26.34,143.85,11.879,64.72,10.663,58.16,55.8,57.4,54.2,55.0,57.4,55.0,4.9,28.6,4909.0,4909,43
b24f7455-e8c55d6a,Adaptive,0.4373989221972948,0.2676471730399127,0.8294366571071191,0.3085689058284681,2734,2198,1370,828,1364,96,106,52.48,0,106,0.0,52.48,1,0.5,80,39.6,15,7.43,7.17,26.579,52.277,97.448,364.43,28.336,198.46,12.268,85.62,11.091,77.5,56.1,57.0,54.3,54.8,57.0,47.7,4.8,31.9,4910.0,4910,55
b2505382-1423f56a,Adaptive,0.6380879055832366,0.4393630802327123,0.9684783562023789,0.3581283944006732,2040,1538,1335,203,705,77,125,61.88,0,125,0.0,61.88,2,0.99,40,19.8,35,17.33,5.54,21.165,53.894,92.134,281.62,28.902,154.02,12.491,66.27,11.197,59.47,56.2,57.9,54.3,54.7,57.9,49.5,5.1,31.3,4905.0,4910,42
b2505382-272e7823,Adaptive,0.2005022627280001,0.12856052724173148,0.8745965267883065,0.12419632161803174,1119,329,254,75,865,64,138,68.32,0,138,0.0,68.32,3,1.49,17,8.42,44,21.78,4.83,17.149,64.761,99.504,304.03,27.267,127.61,12.213,56.86,10.933,51.0,56.2,57.3,54.4,54.9,57.3,60.7,5.5,30.4,4905.0,4913,36
b2505382-2905b23c,Adaptive,0.28330447192314734,0.16119071861933676,0.8983432267031417,0.17927945926147906,846,355,260,95,586,53,126,70.39,32,94,17.88,52.51,6,3.35,20,11.17,27,15.08,5.57,25.222,50.225,101.45,266.91,22.515,121.92,12.171,64.84,10.194,54.6,55.6,57.0,54.8,56.2,57.0,38.6,13.3,29.2,4907.0,4916,41
b2505382-549785d3,Adaptive,0.10257409252119168,0.054019395926489445,0.8098879083531743,0.07440539312225417,805,164,94,70,711,31,169,84.5,107,62,53.5,31.0,6,3.0,7,3.5,18,9.0,7.65,33.769,40.412,97.698,303.98,11.619,88.31,11.794,88.16,8.282,62.12,53.8,55.9,53.8,55.2,55.9,20.7,24.2,15.6,4911.0,4916,58
b2505382-de5238f0,Adaptive,0.33391275609564874,0.19963566128843635,0.8947481269556056,0.20731494611604095,2004,967,736,231,1268,81,121,59.9,0,121,0.0,59.9,1,0.5,47,23.27,33,16.34,6.06,21.872,63.311,96.096,368.99,27.614,160.52,12.201,70.57,10.992,63.67,55.2,56.3,53.4,54.8,56.3,58.3,4.9,29.4,4919.0,4919,43
b250fb0c-01a1b8d3,Adaptive,0.5939912384391054,0.3682186519292764,0.8881346832697715,0.3835034467094256,2389,2182,1550,632,839,96,106,52.48,0,106,0.0,52.48,1,0.5,78,38.61,17,8.42,7.37,26.829,61.85,104.01,439.35,27.702,196.79,12.106,85.86,10.925,77.53,55.8,56.7,54.1,54.9,56.7,56.3,5.1,31.5,4919.0,4921,56
b251064f-30002542,Adaptive,0.6195563894274234,0.4414798024812055,0.9149506007172359,0.38591722273977946,1828,1616,1208,408,620,88,114,56.44,0,114,0.0,56.44,1,0.5,61,30.2,26,12.87,6.73,24.556,61.455,97.278,392.57,27.564,178.58,12.096,78.01,10.916,70.48,55.8,56.6,54.1,55.0,56.6,56.8,5.0,30.4,4920.0,4922,50
b251064f-4696b75e,Adaptive,0.27975185517898316,0.15633339035353103,0.6943143991756677,0.2395081550249579,886,710,307,403,579,57,122,68.16,23,99,12.85,55.31,2,1.12,27,15.08,28,15.64,5.62,23.719,56.295,97.546,303.8,21.594,117.34,11.9,64.33,9.888,53.55,55.1,56.4,53.8,55.3,56.4,48.2,10.1,24.9,4917.0,4921,42
b251064f-5f6b663e,Adaptive,0.4964387044201044,0.29054542212269624,0.8221295562182758,0.3561617700289575,1184,1120,671,449,513,77,126,62.07,0,126,0.0,62.07,1,0.49,41,20.2,35,17.24,6.07,20.423,62.067,97.832,362.98,26.819,156.6,12.001,69.82,10.761,62.69,55.8,56.7,54.0,54.4,56.7,58.4,5.1,30.6,4924.0,4924,45
b251064f-8d92db81,Adaptive,0.5745069175602051,0.35072508537480485,0.8544852391566677,0.39574517080724614,3464,3460,2211,1249,1253,101,101,50.0,0,101,0.0,50.0,1,0.5,86,42.57,14,6.93,8.73,33.554,59.506,102.116,508.25,25.239,216.06,11.637,99.33,10.436,89.15,55.7,56.5,53.9,54.2,56.6,48.2,5.1,28.8,4924.0,4924,66
b251064f-e7a165fd,Adaptive,0.5914927491199473,0.37586199019166383,0.8797214462943515,0.3941860547334601,3840,3683,2468,1215,1372,107,95,47.03,0,95,0.0,47.03,1,0.5,100,49.5,6,2.97,9.59,36.224,53.883,100.664,501.26,24.458,229.9,11.457,107.35,10.234,96.01,55.3,56.2,53.6,54.0,56.2,46.4,5.1,26.9,4924.0,4924,72
b251b746-00138418,Adaptive,0.46014113596224204,0.3330730626038926,0.97711123152672,0.24942317883494353,1887,975,886,89,1001,78,125,61.58,0,125,0.0,61.58,1,0.49,41,20.2,36,17.73,5.98,21.016,58.051,103.68,333.4,27.134,156.33,12.089,69.25,10.834,62.19,55.4,56.3,53.4,54.0,56.6,54.5,5.0,29.0,4925.0,4926,45
b255cd6c-0bdf0ac7,Adaptive,0.5362037081829081,0.36727621785025566,0.9297673416104426,0.3215696671639008,692,496,393,103,299,57,129,69.35,7,122,3.76,65.59,3,1.61,17,9.14,37,19.89,5.0,18.903,61.109,103.26,286.19,24.372,115.3,11.831,55.65,10.33,48.68,55.4,56.3,53.7,55.2,56.3,55.4,7.6,27.7,4925.0,4926,37
b255cd6c-2f889586,Adaptive,0.4473539475971003,0.28052142706917127,0.8564028416498254,0.305755514041683,2910,2235,1449,786,1461,95,108,53.2,0,108,0.0,53.2,1,0.49,73,35.96,21,10.34,7.46,26.251,57.213,103.506,412.95,27.078,195.75,11.974,86.38,10.772,77.75,55.7,56.5,53.8,54.3,56.5,49.4,5.1,30.7,4925.0,4926,58
b255cd6c-5ccba454,Adaptive,0.3471445376583282,0.22460965427549834,0.9234692221365589,0.20467104037749126,458,211,170,41,288,44,112,71.79,26,86,16.67,55.13,4,2.56,13,8.33,27,17.31,4.62,23.332,47.09,98.338,204.91,20.674,91.52,12.023,52.81,9.748,42.91,54.8,56.5,53.9,55.3,56.5,34.0,12.0,24.1,4927.0,4928,35
